-- quizzes
insert into public.quizzes (id, category, difficulty, title, description, image, image_credit, points) values ('worldcup', 'national', 'easy', 'World Cup History', 'From 1930 to today, test your World Cup trivia.', 'https://commons.wikimedia.org/wiki/Special:FilePath/FIFA_World_Cup_Trophy_(Ank_Kumar,_Infosys_Limited)_04.jpg?width=800', 'Ank Kumar, Wikimedia Commons (CC BY-SA 4.0)', 25);
insert into public.quizzes (id, category, difficulty, title, description, image, image_credit, points) values ('legends', 'players', 'easy', 'Legendary Players', 'Icons of the sport, past and present.', 'https://commons.wikimedia.org/wiki/Special:FilePath/Alfredo_Di_St%C3%A9fano%27s_Super_Ballon_d%27Or_trophy,_Real_Madrid_Museum,_Madrid,_Spain_(Ank_Kumar,_Infosys_Limited)_04.jpg?width=800', 'Ank Kumar, Wikimedia Commons (CC BY-SA 4.0)', 25);
insert into public.quizzes (id, category, difficulty, title, description, image, image_credit, points) values ('ballondor', 'players', 'hard', 'Ballon d’Or Legends', 'Hard mode: the winners, the records, the snubs.', 'https://commons.wikimedia.org/wiki/Special:FilePath/Alfredo_Di_St%C3%A9fano%27s_Super_Ballon_d%27Or_trophy,_Real_Madrid_Museum,_Madrid,_Spain_(Ank_Kumar,_Infosys_Limited)_04.jpg?width=800', 'Ank Kumar, Wikimedia Commons (CC BY-SA 4.0)', 75);
insert into public.quizzes (id, category, difficulty, title, description, image, image_credit, points) values ('clubfootball', 'leagues', 'hard', 'Champions League & Club Football', 'Hard mode: European club football history.', 'https://commons.wikimedia.org/wiki/Special:FilePath/Champions_League_Trophy_(52736201132).jpg?width=800', 'Wikimedia Commons (CC BY 2.0)', 75);
insert into public.quizzes (id, category, difficulty, title, description, image, image_credit, points) values ('nationalrecords', 'national', 'medium', 'National Team Records', 'Hard mode: international football history.', 'https://commons.wikimedia.org/wiki/Special:FilePath/FIFA_World_Cup_Trophy_(Ank_Kumar,_Infosys_Limited)_04.jpg?width=800', 'Ank Kumar, Wikimedia Commons (CC BY-SA 4.0)', 50);
insert into public.quizzes (id, category, difficulty, title, description, image, image_credit, points) values ('serieabundesliga', 'leagues', 'medium', 'Serie A & Bundesliga Trivia', 'Germany and Italy’s top flights, tested.', 'https://commons.wikimedia.org/wiki/Special:FilePath/Champions_League_Trophy_(52736201132).jpg?width=800', 'Wikimedia Commons (CC BY 2.0)', 50);
insert into public.quizzes (id, category, difficulty, title, description, image, image_credit, points) values ('womensworldcup', 'national', 'easy', 'Women’s World Cup', 'The history of the women’s game on the biggest stage.', 'https://commons.wikimedia.org/wiki/Special:FilePath/FIFA_World_Cup_Trophy_(Ank_Kumar,_Infosys_Limited)_04.jpg?width=800', 'Ank Kumar, Wikimedia Commons (CC BY-SA 4.0)', 25);
insert into public.quizzes (id, category, difficulty, title, description, image, image_credit, points) values ('goldenboot', 'players', 'hard', 'Golden Boot Winners', 'Hard mode: the tournament’s top scorers.', 'https://commons.wikimedia.org/wiki/Special:FilePath/Alfredo_Di_St%C3%A9fano%27s_Super_Ballon_d%27Or_trophy,_Real_Madrid_Museum,_Madrid,_Spain_(Ank_Kumar,_Infosys_Limited)_04.jpg?width=800', 'Ank Kumar, Wikimedia Commons (CC BY-SA 4.0)', 75);
insert into public.quizzes (id, category, difficulty, title, description, image, image_credit, points) values ('laligarecords', 'leagues', 'hard', 'La Liga & Premier League Records', 'Hard mode: records from Spain and England’s top flights.', 'https://commons.wikimedia.org/wiki/Special:FilePath/Champions_League_Trophy_(52736201132).jpg?width=800', 'Wikimedia Commons (CC BY 2.0)', 75);
insert into public.quizzes (id, category, difficulty, title, description, image, image_credit, points) values ('rivalries', 'leagues', 'medium', 'Legendary Rivalries', 'The fiercest derbies in club football.', 'https://commons.wikimedia.org/wiki/Special:FilePath/Champions_League_Trophy_(52736201132).jpg?width=800', 'Wikimedia Commons (CC BY 2.0)', 50);
insert into public.quizzes (id, category, difficulty, title, description, image, image_credit, points) values ('playmakers', 'players', 'medium', 'Modern Icons & Playmakers', 'The stars defining the current era of the game.', 'https://commons.wikimedia.org/wiki/Special:FilePath/Alfredo_Di_St%C3%A9fano%27s_Super_Ballon_d%27Or_trophy,_Real_Madrid_Museum,_Madrid,_Spain_(Ank_Kumar,_Infosys_Limited)_04.jpg?width=800', 'Ank Kumar, Wikimedia Commons (CC BY-SA 4.0)', 50);
insert into public.quizzes (id, category, difficulty, title, description, image, image_credit, points) values ('worldcupfinals', 'national', 'hard', 'World Cup Finals & Deciders', 'Hard mode: the matches that settled it all.', 'https://commons.wikimedia.org/wiki/Special:FilePath/FIFA_World_Cup_Trophy_(Ank_Kumar,_Infosys_Limited)_04.jpg?width=800', 'Ank Kumar, Wikimedia Commons (CC BY-SA 4.0)', 75);
insert into public.quizzes (id, category, difficulty, title, description, image, image_credit, points) values ('premierleaguebasics', 'leagues', 'easy', 'Premier League Basics', 'The fundamentals of England’s top flight.', 'https://commons.wikimedia.org/wiki/Special:FilePath/Champions_League_Trophy_(52736201132).jpg?width=800', 'Wikimedia Commons (CC BY 2.0)', 25);

-- quiz_questions
insert into public.quiz_questions (quiz_id, position, question, options, correct_index) values ('worldcup', 0, 'Which country has won the most FIFA World Cup titles?', '["Germany","Argentina","Brazil","Italy"]'::jsonb, 2);
insert into public.quiz_questions (quiz_id, position, question, options, correct_index) values ('worldcup', 1, 'Where was the very first World Cup held, in 1930?', '["Brazil","France","Uruguay","Italy"]'::jsonb, 2);
insert into public.quiz_questions (quiz_id, position, question, options, correct_index) values ('worldcup', 2, 'Which country hosted the 2022 World Cup?', '["Qatar","Russia","UAE","Japan"]'::jsonb, 0);
insert into public.quiz_questions (quiz_id, position, question, options, correct_index) values ('worldcup', 3, 'Which country won the 2018 World Cup?', '["Croatia","France","Belgium","England"]'::jsonb, 1);
insert into public.quiz_questions (quiz_id, position, question, options, correct_index) values ('worldcup', 4, 'Who holds the record for most career World Cup goals?', '["Pelé","Ronaldo Nazário","Miroslav Klose","Lionel Messi"]'::jsonb, 2);
insert into public.quiz_questions (quiz_id, position, question, options, correct_index) values ('legends', 0, 'Known as "The King of Football," this Brazilian legend won three World Cups.', '["Ronaldinho","Pelé","Zico","Romário"]'::jsonb, 1);
insert into public.quiz_questions (quiz_id, position, question, options, correct_index) values ('legends', 1, 'Who captained Argentina to victory at the 2022 World Cup?', '["Sergio Agüero","Ángel Di María","Lionel Messi","Diego Maradona"]'::jsonb, 2);
insert into public.quiz_questions (quiz_id, position, question, options, correct_index) values ('legends', 2, 'Who is the all-time leading scorer in UEFA Champions League history?', '["Cristiano Ronaldo","Lionel Messi","Robert Lewandowski","Karim Benzema"]'::jsonb, 0);
insert into public.quiz_questions (quiz_id, position, question, options, correct_index) values ('legends', 3, 'Which Dutch player is credited with inventing the "Cruyff Turn"?', '["Marco van Basten","Johan Cruyff","Dennis Bergkamp","Ruud Gullit"]'::jsonb, 1);
insert into public.quiz_questions (quiz_id, position, question, options, correct_index) values ('legends', 4, 'Which England striker scored a hat-trick in the 1966 World Cup Final?', '["Bobby Charlton","Gary Lineker","Geoff Hurst","Jimmy Greaves"]'::jsonb, 2);
insert into public.quiz_questions (quiz_id, position, question, options, correct_index) values ('ballondor', 0, 'Who won the very first Ballon d’Or in 1956?', '["Alfredo Di Stéfano","Stanley Matthews","Raymond Kopa","Ferenc Puskás"]'::jsonb, 1);
insert into public.quiz_questions (quiz_id, position, question, options, correct_index) values ('ballondor', 1, 'Which player has won the most Ballon d’Or awards outright?', '["Cristiano Ronaldo","Michel Platini","Lionel Messi","Johan Cruyff"]'::jsonb, 2);
insert into public.quiz_questions (quiz_id, position, question, options, correct_index) values ('ballondor', 2, 'Who won the 2018 Ballon d’Or, the same year France won the World Cup?', '["Kylian Mbappé","Antoine Griezmann","Luka Modrić","N’Golo Kanté"]'::jsonb, 2);
insert into public.quiz_questions (quiz_id, position, question, options, correct_index) values ('ballondor', 3, 'George Weah, the 1995 winner, is from which country?', '["Ivory Coast","Liberia","Ghana","Senegal"]'::jsonb, 1);
insert into public.quiz_questions (quiz_id, position, question, options, correct_index) values ('ballondor', 4, 'Who was the first goalkeeper ever to win the Ballon d’Or?', '["Gianluigi Buffon","Lev Yashin","Iker Casillas","Peter Schmeichel"]'::jsonb, 1);
insert into public.quiz_questions (quiz_id, position, question, options, correct_index) values ('clubfootball', 0, 'Which club has won the most European Cup / Champions League titles?', '["AC Milan","Real Madrid","Bayern Munich","Liverpool"]'::jsonb, 1);
insert into public.quiz_questions (quiz_id, position, question, options, correct_index) values ('clubfootball', 1, 'Which English club completed the continental treble (league, domestic cup, Champions League) in 1998–99?', '["Arsenal","Chelsea","Manchester United","Liverpool"]'::jsonb, 2);
insert into public.quiz_questions (quiz_id, position, question, options, correct_index) values ('clubfootball', 2, 'Which club did Pep Guardiola manage to a treble in 2022–23?', '["Manchester City","Barcelona","Bayern Munich","Manchester United"]'::jsonb, 0);
insert into public.quiz_questions (quiz_id, position, question, options, correct_index) values ('clubfootball', 3, 'Which Italian club is nicknamed "La Vecchia Signora" (The Old Lady)?', '["Inter Milan","AC Milan","Juventus","Roma"]'::jsonb, 2);
insert into public.quiz_questions (quiz_id, position, question, options, correct_index) values ('clubfootball', 4, 'Which club won the first ever UEFA Champions League (rebranded from the European Cup) in 1992–93?', '["Marseille","AC Milan","Barcelona","Porto"]'::jsonb, 0);
insert into public.quiz_questions (quiz_id, position, question, options, correct_index) values ('nationalrecords', 0, 'Which country won the first-ever UEFA European Championship, in 1960?', '["Soviet Union","Yugoslavia","West Germany","Spain"]'::jsonb, 0);
insert into public.quiz_questions (quiz_id, position, question, options, correct_index) values ('nationalrecords', 1, 'Which country won three consecutive major tournaments — Euro 2008, World Cup 2010, and Euro 2012?', '["Germany","Italy","Spain","Netherlands"]'::jsonb, 2);
insert into public.quiz_questions (quiz_id, position, question, options, correct_index) values ('nationalrecords', 2, 'Which nation hosted and won the very first World Cup, in 1930?', '["Argentina","Uruguay","Brazil","Italy"]'::jsonb, 1);
insert into public.quiz_questions (quiz_id, position, question, options, correct_index) values ('nationalrecords', 3, 'Which African nation was the first to reach a World Cup quarterfinal, in 1990?', '["Nigeria","Senegal","Cameroon","Morocco"]'::jsonb, 2);
insert into public.quiz_questions (quiz_id, position, question, options, correct_index) values ('nationalrecords', 4, 'Which country won the first-ever Africa Cup of Nations, in 1957?', '["Sudan","Egypt","Ethiopia","South Africa"]'::jsonb, 1);
insert into public.quiz_questions (quiz_id, position, question, options, correct_index) values ('serieabundesliga', 0, 'Which club has won the most Bundesliga titles?', '["Borussia Dortmund","Bayern Munich","Schalke 04","Werder Bremen"]'::jsonb, 1);
insert into public.quiz_questions (quiz_id, position, question, options, correct_index) values ('serieabundesliga', 1, 'Which club is nicknamed "I Nerazzurri"?', '["AC Milan","Juventus","Inter Milan","Napoli"]'::jsonb, 2);
insert into public.quiz_questions (quiz_id, position, question, options, correct_index) values ('serieabundesliga', 2, 'Which club plays home games at Signal Iduna Park in Dortmund?', '["Bayer Leverkusen","Borussia Dortmund","RB Leipzig","Hertha BSC"]'::jsonb, 1);
insert into public.quiz_questions (quiz_id, position, question, options, correct_index) values ('serieabundesliga', 3, 'Which club won Serie A in 2022–23, its first title since 1990?', '["Roma","Lazio","Napoli","Fiorentina"]'::jsonb, 2);
insert into public.quiz_questions (quiz_id, position, question, options, correct_index) values ('serieabundesliga', 4, 'How many teams compete in a single Bundesliga season?', '["16","18","20","22"]'::jsonb, 1);
insert into public.quiz_questions (quiz_id, position, question, options, correct_index) values ('womensworldcup', 0, 'Which country has won the most FIFA Women’s World Cup titles?', '["Germany","United States","Norway","Brazil"]'::jsonb, 1);
insert into public.quiz_questions (quiz_id, position, question, options, correct_index) values ('womensworldcup', 1, 'The 2023 Women’s World Cup was jointly hosted by Australia and which other country?', '["New Zealand","Japan","Canada","South Korea"]'::jsonb, 0);
insert into public.quiz_questions (quiz_id, position, question, options, correct_index) values ('womensworldcup', 2, 'Which country won the very first Women’s World Cup, in 1991?', '["Norway","China","United States","Germany"]'::jsonb, 2);
insert into public.quiz_questions (quiz_id, position, question, options, correct_index) values ('womensworldcup', 3, 'Which country won the 2023 Women’s World Cup Final?', '["England","Spain","Sweden","Australia"]'::jsonb, 1);
insert into public.quiz_questions (quiz_id, position, question, options, correct_index) values ('womensworldcup', 4, 'Megan Rapinoe, a two-time Women’s World Cup winner, played for which country?', '["Canada","United States","England","France"]'::jsonb, 1);
insert into public.quiz_questions (quiz_id, position, question, options, correct_index) values ('goldenboot', 0, 'Who won the Golden Boot (top scorer) at the 2022 World Cup?', '["Lionel Messi","Kylian Mbappé","Olivier Giroud","Julián Álvarez"]'::jsonb, 1);
insert into public.quiz_questions (quiz_id, position, question, options, correct_index) values ('goldenboot', 1, 'Who won the Golden Boot at the 2018 World Cup?', '["Harry Kane","Antoine Griezmann","Romelu Lukaku","Cristiano Ronaldo"]'::jsonb, 0);
insert into public.quiz_questions (quiz_id, position, question, options, correct_index) values ('goldenboot', 2, 'Which player has won the European Golden Shoe the most times?', '["Cristiano Ronaldo","Robert Lewandowski","Lionel Messi","Luis Suárez"]'::jsonb, 2);
insert into public.quiz_questions (quiz_id, position, question, options, correct_index) values ('goldenboot', 3, 'Who was the top scorer of the 2014 World Cup, winning the Golden Boot?', '["James Rodríguez","Thomas Müller","Lionel Messi","Neymar"]'::jsonb, 0);
insert into public.quiz_questions (quiz_id, position, question, options, correct_index) values ('goldenboot', 4, 'Who won the Golden Boot at the 1998 World Cup, held in France?', '["Ronaldo Nazário","Davor Šuker","Zinedine Zidane","Michael Owen"]'::jsonb, 1);
insert into public.quiz_questions (quiz_id, position, question, options, correct_index) values ('laligarecords', 0, 'Which player holds the record for most goals in a single Premier League season (38-game era)?', '["Mohamed Salah","Erling Haaland","Alan Shearer","Thierry Henry"]'::jsonb, 1);
insert into public.quiz_questions (quiz_id, position, question, options, correct_index) values ('laligarecords', 1, 'Which club has won the most Premier League titles since its 1992 formation?', '["Chelsea","Arsenal","Manchester United","Manchester City"]'::jsonb, 2);
insert into public.quiz_questions (quiz_id, position, question, options, correct_index) values ('laligarecords', 2, 'Which club has won the most La Liga titles all-time?', '["Atlético Madrid","Barcelona","Real Madrid","Valencia"]'::jsonb, 2);
insert into public.quiz_questions (quiz_id, position, question, options, correct_index) values ('laligarecords', 3, 'Who is La Liga’s all-time top scorer?', '["Cristiano Ronaldo","Lionel Messi","Karim Benzema","Raúl"]'::jsonb, 1);
insert into public.quiz_questions (quiz_id, position, question, options, correct_index) values ('laligarecords', 4, 'Which club famously won the Premier League title as 5000-1 outsiders in 2015–16?', '["Leicester City","West Ham","Everton","Southampton"]'::jsonb, 0);
insert into public.quiz_questions (quiz_id, position, question, options, correct_index) values ('rivalries', 0, '"El Clásico" is the rivalry between Real Madrid and which other club?', '["Atlético Madrid","Barcelona","Sevilla","Valencia"]'::jsonb, 1);
insert into public.quiz_questions (quiz_id, position, question, options, correct_index) values ('rivalries', 1, 'The "North West Derby" in English football is contested between Manchester United and which club?', '["Manchester City","Everton","Liverpool","Leeds United"]'::jsonb, 2);
insert into public.quiz_questions (quiz_id, position, question, options, correct_index) values ('rivalries', 2, 'The "Old Firm" derby takes place between Celtic and which other Scottish club?', '["Hearts","Aberdeen","Rangers","Hibernian"]'::jsonb, 2);
insert into public.quiz_questions (quiz_id, position, question, options, correct_index) values ('rivalries', 3, 'Boca Juniors’ fiercest rival in Argentine football is which club?', '["Independiente","River Plate","Racing Club","San Lorenzo"]'::jsonb, 1);
insert into public.quiz_questions (quiz_id, position, question, options, correct_index) values ('rivalries', 4, 'Which two Italian clubs contest the "Derby della Madonnina"?', '["AC Milan & Inter Milan","Juventus & Torino","Roma & Lazio","Napoli & Roma"]'::jsonb, 0);
insert into public.quiz_questions (quiz_id, position, question, options, correct_index) values ('playmakers', 0, 'Which midfielder captained Real Madrid to five Champions League titles between 2014 and 2024?', '["Toni Kroos","Luka Modrić","Casemiro","Federico Valverde"]'::jsonb, 1);
insert into public.quiz_questions (quiz_id, position, question, options, correct_index) values ('playmakers', 1, 'Which playmaker is nicknamed "The Octopus" for his ball-control and vision?', '["Kevin De Bruyne","Bruno Fernandes","Martin Ødegaard","Jude Bellingham"]'::jsonb, 0);
insert into public.quiz_questions (quiz_id, position, question, options, correct_index) values ('playmakers', 2, 'Which Norwegian became Arsenal’s captain in his mid-20s after joining from Real Madrid?', '["Erling Haaland","Martin Ødegaard","Alexander Sørloth","Kristian Thorstvedt"]'::jsonb, 1);
insert into public.quiz_questions (quiz_id, position, question, options, correct_index) values ('playmakers', 3, 'Jude Bellingham moved from Borussia Dortmund to which club in 2023?', '["Real Madrid","Barcelona","Manchester City","Bayern Munich"]'::jsonb, 0);
insert into public.quiz_questions (quiz_id, position, question, options, correct_index) values ('playmakers', 4, 'Which Brazilian forward became the most expensive transfer in football history when he joined PSG in 2017?', '["Vinícius Júnior","Neymar","Gabriel Jesus","Rodrygo"]'::jsonb, 1);
insert into public.quiz_questions (quiz_id, position, question, options, correct_index) values ('worldcupfinals', 0, 'Which country lost the World Cup Final on penalties in both 1994 and 2006?', '["Netherlands","Italy","Brazil","France"]'::jsonb, 1);
insert into public.quiz_questions (quiz_id, position, question, options, correct_index) values ('worldcupfinals', 1, 'The 2014 World Cup Final between Germany and Argentina was decided by a goal from which player?', '["Thomas Müller","Mario Götze","Miroslav Klose","Toni Kroos"]'::jsonb, 1);
insert into public.quiz_questions (quiz_id, position, question, options, correct_index) values ('worldcupfinals', 2, 'Which country won the 1998 World Cup Final on home soil, beating Brazil 3–0?', '["France","Italy","England","Spain"]'::jsonb, 0);
insert into public.quiz_questions (quiz_id, position, question, options, correct_index) values ('worldcupfinals', 3, 'In the 2006 Final, Zinedine Zidane was sent off for a headbutt on which Italian defender?', '["Fabio Cannavaro","Marco Materazzi","Gianluca Zambrotta","Andrea Barzagli"]'::jsonb, 1);
insert into public.quiz_questions (quiz_id, position, question, options, correct_index) values ('worldcupfinals', 4, 'Which nation’s only World Cup title came via a 1950 upset over Brazil known as the "Maracanazo"?', '["Paraguay","Chile","Uruguay","Peru"]'::jsonb, 2);
insert into public.quiz_questions (quiz_id, position, question, options, correct_index) values ('premierleaguebasics', 0, 'How many clubs compete in the Premier League each season?', '["18","20","22","24"]'::jsonb, 1);
insert into public.quiz_questions (quiz_id, position, question, options, correct_index) values ('premierleaguebasics', 1, 'What happens to the bottom three Premier League clubs at the end of the season?', '["They get a bye","They are relegated","They face a playoff","Nothing"]'::jsonb, 1);
insert into public.quiz_questions (quiz_id, position, question, options, correct_index) values ('premierleaguebasics', 2, 'Which club has played in every Premier League season since it began in 1992?', '["Everton","Arsenal","Chelsea","Manchester United"]'::jsonb, 1);
insert into public.quiz_questions (quiz_id, position, question, options, correct_index) values ('premierleaguebasics', 3, 'How many points are awarded for a win in the Premier League?', '["1","2","3","4"]'::jsonb, 2);
insert into public.quiz_questions (quiz_id, position, question, options, correct_index) values ('premierleaguebasics', 4, 'What trophy do Premier League champions lift at the end of the season?', '["The FA Cup","The Premier League Trophy","The Community Shield","The League Cup"]'::jsonb, 1);

-- wordle_puzzles
insert into public.wordle_puzzles (id, word, label, hint) values ('messi', 'MESSI', 'Player Edition', 'A five-letter icon of the modern game.');
insert into public.wordle_puzzles (id, word, label, hint) values ('pitch', 'PITCH', 'Terminology Edition', 'Where 22 players battle for 90 minutes.');

-- transfer_clubs
insert into public.transfer_clubs (id, name, short_name) values ('manutd', 'Manchester United', 'Man United');
insert into public.transfer_clubs (id, name, short_name) values ('realmadrid', 'Real Madrid', 'Real Madrid');
insert into public.transfer_clubs (id, name, short_name) values ('juventus', 'Juventus', 'Juventus');
insert into public.transfer_clubs (id, name, short_name) values ('barcelona', 'Barcelona', 'Barcelona');
insert into public.transfer_clubs (id, name, short_name) values ('psg', 'Paris Saint-Germain', 'PSG');
insert into public.transfer_clubs (id, name, short_name) values ('acmilan', 'AC Milan', 'AC Milan');
insert into public.transfer_clubs (id, name, short_name) values ('chelsea', 'Chelsea', 'Chelsea');
insert into public.transfer_clubs (id, name, short_name) values ('liverpool', 'Liverpool', 'Liverpool');
insert into public.transfer_clubs (id, name, short_name) values ('bayern', 'Bayern Munich', 'Bayern');
insert into public.transfer_clubs (id, name, short_name) values ('inter', 'Inter Milan', 'Inter Milan');
insert into public.transfer_clubs (id, name, short_name) values ('arsenal', 'Arsenal', 'Arsenal');
insert into public.transfer_clubs (id, name, short_name) values ('atletico', 'Atletico Madrid', 'Atletico');
insert into public.transfer_clubs (id, name, short_name) values ('dortmund', 'Borussia Dortmund', 'Dortmund');

-- transfer_links
insert into public.transfer_links (position, club_ids, answers, display) values (0, ARRAY['manutd', 'realmadrid', 'juventus'], ARRAY['RONALDO', 'CRISTIANORONALDO'], 'Cristiano Ronaldo');
insert into public.transfer_links (position, club_ids, answers, display) values (1, ARRAY['psg', 'barcelona', 'acmilan'], ARRAY['RONALDINHO'], 'Ronaldinho');
insert into public.transfer_links (position, club_ids, answers, display) values (2, ARRAY['liverpool', 'chelsea', 'acmilan'], ARRAY['TORRES', 'FERNANDOTORRES'], 'Fernando Torres');
insert into public.transfer_links (position, club_ids, answers, display) values (3, ARRAY['juventus', 'bayern', 'inter'], ARRAY['VIDAL', 'ARTUROVIDAL'], 'Arturo Vidal');
insert into public.transfer_links (position, club_ids, answers, display) values (4, ARRAY['barcelona', 'arsenal', 'inter'], ARRAY['SANCHEZ', 'ALEXISSANCHEZ'], 'Alexis Sanchez');
insert into public.transfer_links (position, club_ids, answers, display) values (5, ARRAY['atletico', 'manutd', 'chelsea'], ARRAY['FALCAO', 'RADAMELFALCAO'], 'Radamel Falcao');
insert into public.transfer_links (position, club_ids, answers, display) values (6, ARRAY['dortmund', 'bayern', 'barcelona'], ARRAY['LEWANDOWSKI', 'ROBERTLEWANDOWSKI'], 'Robert Lewandowski');
insert into public.transfer_links (position, club_ids, answers, display) values (7, ARRAY['juventus', 'inter', 'barcelona'], ARRAY['IBRAHIMOVIC', 'ZLATANIBRAHIMOVIC'], 'Zlatan Ibrahimovic');
insert into public.transfer_links (position, club_ids, answers, display) values (8, ARRAY['psg', 'realmadrid', 'chelsea'], ARRAY['MAKELELE', 'CLAUDEMAKELELE'], 'Claude Makelele');
